{"head":["a2x",24,640,1136,"#ffffff"],"_$1":[3,[[1,0,["#ffffff",1],[0,596.099976,251.100006,1,596.099976,0,1,0,0,1,0,251.100006,1,596.099976,251.100006]],[2,0,["#000000",1],[0,0,0,1,596.099976,0,1,596.099976,251.100006,1,0,251.100006,1,0,0],1,1,1,10]]],"_$2":{"t":1,"tf":1,"f":[{"i":0,"c":{"1":{"o":1,"at":0}}}],"c":["_$1"]},"A2x":{"t":1,"tf":1,"f":[{"i":0,"c":{"1":{"o":1,"at":0,"tr":[22.049999,860.75,1,1,0,0],"al":1,"m":0}}}],"c":["_$2"]},"_$10001":[4,1,0,1,"Times%20Roman",12,"#000000",1,16,"1",0,0,0],"_$10002":[3,[[1,0,["#ffffff",1],[0,0,0,1,0,100,1,100,100,1,100,0,1,0,0]],[2,0,["#000000",1],[0,0,0,1,100,0,1,100,100,1,0,100,1,0,0],1,1,1,10]]],"MC1":{"t":1,"tf":1,"f":[{"i":0,"c":{"1":{"o":1,"at":0,"tr":[20.049999,23.549999,1,1,0,0],"w":62.450001,"h":60},"2":{"o":2,"at":1}}}],"c":["_$10001","_$10002"],"n":{"0":"tt"}},"_$20001":[3,[[1,0,["#666666",1],[0,16.15,5.35,1,15.85,9.1,1,14.5,12.5,1,21.9,10.65,1,16.15,5.35]],[2,0,["#000000",1],[0,15.85,9.1,2,15.1,8.85,14.3,8.75,2,11.75,8.4,9.7,10.05,2,7.7,11.65,7.4,14.25,2,7.1,16.799999,8.7,18.799999,2,10.3,20.799999,12.85,21.15,2,15.2,21.4,17.049999,20.1],1,1,1,10]]],"_$20002":[3,[[1,0,["#ffffff",1],[0,28,14,2,28,8.2,23.9,4.1,2,19.799999,0,14,0,2,8.2,0,4.1,4.1,2,0,8.2,0,14,2,0,19.799999,4.1,23.9,2,8.2,28,14,28,2,19.799999,28,23.9,23.9,2,28,19.799999,28,14]],[2,0,["#000000",1],[0,28,14,2,28,19.799999,23.9,23.9,2,19.799999,28,14,28,2,8.2,28,4.1,23.9,2,0,19.799999,0,14,2,0,8.2,4.1,4.1,2,8.2,0,14,0,2,19.799999,0,23.9,4.1,2,28,8.2,28,14],1,1,1,10]]],"_$20003":{"t":1,"tf":1,"f":[{"i":0,"c":{"1":{"o":1,"at":0},"2":{"o":2,"at":1}}}],"c":["_$20001","_$20002"]},"_$20004":[3,[[2,0,["#000000",1],[0,21.5,6.55,1,14,14.05,1,22,22.049999],1,1,1,10],[2,0,["#000000",1],[0,6.5,6.55,1,14,14.05,1,6.5,21.549999],1,1,1,10]]],"_$20006":{"t":1,"tf":1,"f":[{"i":0,"c":{"1":{"o":1,"at":0},"2":{"o":2,"at":1}}}],"c":["_$20004","_$20002"]},"_$20007":[3,[[1,0,["#999999",1],[0,7.55,11.25,1,8.8,10.25,1,17.950001,19.4,1,16.75,20.65,1,22.450001,22.4,1,20.049999,17.200001,1,19,18.35,1,9.9,9.25,1,11.15,8.15,1,5.7,5.85,1,7.55,11.25]]]],"_$20009":{"t":1,"tf":1,"f":[{"i":0,"c":{"1":{"o":1,"at":0},"2":{"o":2,"at":1}}}],"c":["_$20007","_$20002"]},"_$20010":{"t":1,"tf":1,"f":[{"i":0,"c":{"1":{"o":1,"at":0,"al":1,"m":0},"2":{"o":2,"at":1,"tr":[255,1,1,1,0,0],"al":1,"m":0},"3":{"o":3,"at":2,"tr":[255,254,1,1,0,0],"al":1,"m":0}}}],"c":["_$20003","_$20006","_$20009"],"n":{"0":"rota_btn","1":"clean_btn","2":"scale_btn"}},"_$20011":[4,1,0,1,"Times%20Roman",12,"#ffffff",1,16,"1",0,0,0],"_$20012":[3,[[1,0,["#000000",1],[0,0,0,1,0,256.100006,1,256.100006,256.100006,1,256.100006,0,1,0,0]]]],"MC2":{"t":1,"tf":1,"f":[{"i":0,"c":{"1":{"o":1,"at":0,"tr":[-14,-14,1,1,0,0],"al":1,"m":0},"2":{"o":2,"at":1,"tr":[72,67.050003,1,1,0,0],"w":104,"h":99.949997},"3":{"o":3,"at":2}}}],"c":["_$20010","_$20011","_$20012"],"n":{"0":"btn_mc","1":"tt"}}}